-- MySQL Script generated by MySQL Workbench
-- Thu Feb 20 16:11:18 2020
-- Model: New Model    Version: 1.0
-- MySQL Workbench Forward Engineering

SET @OLD_UNIQUE_CHECKS=@@UNIQUE_CHECKS, UNIQUE_CHECKS=0;
SET @OLD_FOREIGN_KEY_CHECKS=@@FOREIGN_KEY_CHECKS, FOREIGN_KEY_CHECKS=0;
SET @OLD_SQL_MODE=@@SQL_MODE, SQL_MODE='TRADITIONAL,ALLOW_INVALID_DATES';

-- -----------------------------------------------------
-- Schema jkr17d
-- -----------------------------------------------------
DROP SCHEMA IF EXISTS `jkr17d` ;

-- -----------------------------------------------------
-- Schema jkr17d
-- -----------------------------------------------------
CREATE SCHEMA IF NOT EXISTS `jkr17d` DEFAULT CHARACTER SET utf8 ;
SHOW WARNINGS;
USE `jkr17d` ;

-- -----------------------------------------------------
-- Table `jkr17d`.`petstore`
-- -----------------------------------------------------
DROP TABLE IF EXISTS `jkr17d`.`petstore` ;

SHOW WARNINGS;
CREATE TABLE IF NOT EXISTS `jkr17d`.`petstore` (
  `pst_id` SMALLINT UNSIGNED NOT NULL AUTO_INCREMENT,
  `pst_name` VARCHAR(30) NOT NULL,
  `pst_street` VARCHAR(30) NOT NULL,
  `pst_city` VARCHAR(30) NOT NULL,
  `pst_state` VARCHAR(2) NOT NULL,
  `pst_zip` INT(9) ZEROFILL UNSIGNED NOT NULL,
  `pst_phone` BIGINT UNSIGNED NOT NULL,
  `pst_mail` VARCHAR(100) NOT NULL,
  `pst_url` VARCHAR(100) NOT NULL,
  `pst_vtd_sales` DECIMAL(10,2) NOT NULL,
  `pst_notes` VARCHAR(255) NULL,
  PRIMARY KEY (`pst_id`))
ENGINE = InnoDB;

SHOW WARNINGS;

-- -----------------------------------------------------
-- Table `jkr17d`.`customer`
-- -----------------------------------------------------
DROP TABLE IF EXISTS `jkr17d`.`customer` ;

SHOW WARNINGS;
CREATE TABLE IF NOT EXISTS `jkr17d`.`customer` (
  `cus_id` SMALLINT UNSIGNED NOT NULL AUTO_INCREMENT,
  `cus_fname` VARCHAR(15) NOT NULL,
  `cus_lname` VARCHAR(30) NOT NULL,
  `cus_street` VARCHAR(30) NOT NULL,
  `cus_city` VARCHAR(30) NOT NULL,
  `cus_state` CHAR(2) NOT NULL,
  `cus_zip` INT NOT NULL,
  `cus_phone` BIGINT UNSIGNED NOT NULL,
  `cus_email` VARCHAR(100) NOT NULL,
  `cus_balance` DECIMAL(6,2) NOT NULL,
  `cus_total_sales` DECIMAL(6,2) NOT NULL,
  `cus_notes` VARCHAR(255) NULL,
  PRIMARY KEY (`cus_id`))
ENGINE = InnoDB;

SHOW WARNINGS;

-- -----------------------------------------------------
-- Table `jkr17d`.`pet`
-- -----------------------------------------------------
DROP TABLE IF EXISTS `jkr17d`.`pet` ;

SHOW WARNINGS;
CREATE TABLE IF NOT EXISTS `jkr17d`.`pet` (
  `pet_id` SMALLINT UNSIGNED NOT NULL AUTO_INCREMENT,
  `pst_id` SMALLINT UNSIGNED NOT NULL,
  `cus_id` SMALLINT UNSIGNED NULL,
  `pet_type` VARCHAR(45) NOT NULL,
  `pet_sex` ENUM('m', 'f') NOT NULL,
  `pet_cost` DECIMAL(6,2) NOT NULL,
  `pet_price` DECIMAL(6,2) NOT NULL,
  `pet_age` TINYINT NOT NULL,
  `pet_color` VARCHAR(30) NOT NULL,
  `pet_sale_date` DATE NULL,
  `pet_vaccine` ENUM('y', 'n') NOT NULL,
  `pet_neuter` ENUM('y', 'n') NOT NULL,
  `pet_notes` VARCHAR(255) NULL,
  INDEX `fk_pet_customer1_idx` (`cus_id` ASC),
  PRIMARY KEY (`pet_id`),
  INDEX `fk_pet_petstore1_idx` (`pst_id` ASC),
  CONSTRAINT `fk_pet_customer1`
    FOREIGN KEY (`cus_id`)
    REFERENCES `jkr17d`.`customer` (`cus_id`)
    ON DELETE NO ACTION
    ON UPDATE NO ACTION,
  CONSTRAINT `fk_pet_petstore1`
    FOREIGN KEY (`pst_id`)
    REFERENCES `jkr17d`.`petstore` (`pst_id`)
    ON DELETE NO ACTION
    ON UPDATE NO ACTION)
ENGINE = InnoDB;

SHOW WARNINGS;

SET SQL_MODE=@OLD_SQL_MODE;
SET FOREIGN_KEY_CHECKS=@OLD_FOREIGN_KEY_CHECKS;
SET UNIQUE_CHECKS=@OLD_UNIQUE_CHECKS;

-- -----------------------------------------------------
-- Data for table `jkr17d`.`petstore`
-- -----------------------------------------------------
START TRANSACTION;
USE `jkr17d`;
INSERT INTO `jkr17d`.`petstore` (`pst_id`, `pst_name`, `pst_street`, `pst_city`, `pst_state`, `pst_zip`, `pst_phone`, `pst_mail`, `pst_url`, `pst_vtd_sales`, `pst_notes`) VALUES (1, 'Pets Supermarket', '757 Pensacola St.', 'Raleigh', 'NC', 38567, 431-720-9809, 'pets@supermarket.com', 'petsupermarket.com', 1200, 'notes 1');
INSERT INTO `jkr17d`.`petstore` (`pst_id`, `pst_name`, `pst_street`, `pst_city`, `pst_state`, `pst_zip`, `pst_phone`, `pst_mail`, `pst_url`, `pst_vtd_sales`, `pst_notes`) VALUES (2, 'Walmart', '3254 Tennessee St.', 'Charleston', 'SC', 32451, 525-850-1235, 'store@walmart.com', 'walmart.com', 2200, 'notes 2');
INSERT INTO `jkr17d`.`petstore` (`pst_id`, `pst_name`, `pst_street`, `pst_city`, `pst_state`, `pst_zip`, `pst_phone`, `pst_mail`, `pst_url`, `pst_vtd_sales`, `pst_notes`) VALUES (3, 'Pets n\' More', '9872 Capital Circle SE', 'Tallahassee', 'FL', 32310, 850-221-3232, 'petsnmore@gmail.com', 'petsandmore.com', 2400, 'notes 3');
INSERT INTO `jkr17d`.`petstore` (`pst_id`, `pst_name`, `pst_street`, `pst_city`, `pst_state`, `pst_zip`, `pst_phone`, `pst_mail`, `pst_url`, `pst_vtd_sales`, `pst_notes`) VALUES (4, 'Petsmart', '4531 Capital Circle NW', 'Thomasville', 'GA', 32305, 321-543-4567, 'pets@mart.com', 'petsmart.com', 1100, 'notes 4');
INSERT INTO `jkr17d`.`petstore` (`pst_id`, `pst_name`, `pst_street`, `pst_city`, `pst_state`, `pst_zip`, `pst_phone`, `pst_mail`, `pst_url`, `pst_vtd_sales`, `pst_notes`) VALUES (5, 'THE Pet Store', '432 Tennessee St.', 'Birmingham', 'AL', 63521, 989-900-1254, 'thepetstore@birmingham.com', 'thepetstore.com', 2000, 'notes 5');
INSERT INTO `jkr17d`.`petstore` (`pst_id`, `pst_name`, `pst_street`, `pst_city`, `pst_state`, `pst_zip`, `pst_phone`, `pst_mail`, `pst_url`, `pst_vtd_sales`, `pst_notes`) VALUES (6, 'Nola Pets', '3242 Appalachian Pkwy', 'New Orleans', 'LA', 84563, 980-888-7711, 'pets@nola.com', 'nolapets.com', 200, 'notes 6');
INSERT INTO `jkr17d`.`petstore` (`pst_id`, `pst_name`, `pst_street`, `pst_city`, `pst_state`, `pst_zip`, `pst_phone`, `pst_mail`, `pst_url`, `pst_vtd_sales`, `pst_notes`) VALUES (7, 'Louisville Pets', '1234 Monroe St', 'Louisville', 'KY', 14135, 707-555-8912, 'Louisvillepets@gmail.com', 'lousivillepets.com', 700, 'notes 7');
INSERT INTO `jkr17d`.`petstore` (`pst_id`, `pst_name`, `pst_street`, `pst_city`, `pst_state`, `pst_zip`, `pst_phone`, `pst_mail`, `pst_url`, `pst_vtd_sales`, `pst_notes`) VALUES (8, 'Buff Pets', '1021 Manatee Ave.', 'Buffalo', 'NY', 61112, 991-841-2333, 'buffpets@aol.com', 'buffpets.com', 850, 'notes 8');
INSERT INTO `jkr17d`.`petstore` (`pst_id`, `pst_name`, `pst_street`, `pst_city`, `pst_state`, `pst_zip`, `pst_phone`, `pst_mail`, `pst_url`, `pst_vtd_sales`, `pst_notes`) VALUES (9, 'Animal Kingdom', '6453 43rd St E', 'Cheyenne', 'WY', 49211, 650-781-9143, 'animal@kingdom.com', 'animalkingdom.com', 900, 'notes 9');
INSERT INTO `jkr17d`.`petstore` (`pst_id`, `pst_name`, `pst_street`, `pst_city`, `pst_state`, `pst_zip`, `pst_phone`, `pst_mail`, `pst_url`, `pst_vtd_sales`, `pst_notes`) VALUES (10, 'Urban Tails', '1555 Cortez Rd.', 'Los Angeles ', 'CA', 98981, 520-565-3233, 'urbantails@aol.com', 'urbantails.com', DEFAULT, 'notes 10');
INSERT INTO `jkr17d`.`petstore` (`pst_id`, `pst_name`, `pst_street`, `pst_city`, `pst_state`, `pst_zip`, `pst_phone`, `pst_mail`, `pst_url`, `pst_vtd_sales`, `pst_notes`) VALUES (DEFAULT, DEFAULT, DEFAULT, DEFAULT, DEFAULT, DEFAULT, , DEFAULT, DEFAULT, DEFAULT, NULL);

COMMIT;


-- -----------------------------------------------------
-- Data for table `jkr17d`.`customer`
-- -----------------------------------------------------
START TRANSACTION;
USE `jkr17d`;
INSERT INTO `jkr17d`.`customer` (`cus_id`, `cus_fname`, `cus_lname`, `cus_street`, `cus_city`, `cus_state`, `cus_zip`, `cus_phone`, `cus_email`, `cus_balance`, `cus_total_sales`, `cus_notes`) VALUES (11, 'Branden', 'Greene', '1001 Stearns St', 'Tallahassee', 'FL', 32310, 9415279941, 'bgreene12@gmail.com', 3200, 2900, 'notes 1');
INSERT INTO `jkr17d`.`customer` (`cus_id`, `cus_fname`, `cus_lname`, `cus_street`, `cus_city`, `cus_state`, `cus_zip`, `cus_phone`, `cus_email`, `cus_balance`, `cus_total_sales`, `cus_notes`) VALUES (22, 'Lucas', 'Paquin', '2525 W Tennessee St', 'Thomasville', 'GA', 32305, 9413453028, 'lucaspaquin22@yahoo.com', 1200, 1100, 'notes 2');
INSERT INTO `jkr17d`.`customer` (`cus_id`, `cus_fname`, `cus_lname`, `cus_street`, `cus_city`, `cus_state`, `cus_zip`, `cus_phone`, `cus_email`, `cus_balance`, `cus_total_sales`, `cus_notes`) VALUES (33, 'Jacob', 'Faull', '2615 49th St W', 'Raleigh', 'NC', 38567, 3025303697, 'faullingforyou@aol.com', 9800, 10000, 'notes 3');
INSERT INTO `jkr17d`.`customer` (`cus_id`, `cus_fname`, `cus_lname`, `cus_street`, `cus_city`, `cus_state`, `cus_zip`, `cus_phone`, `cus_email`, `cus_balance`, `cus_total_sales`, `cus_notes`) VALUES (44, 'Josh', 'Parrish', '101 23rd St W', 'Charleston', 'SC', 32451, 9418402438, 'joshparrish71@gmail.com', 1234, 999, 'notes 4');
INSERT INTO `jkr17d`.`customer` (`cus_id`, `cus_fname`, `cus_lname`, `cus_street`, `cus_city`, `cus_state`, `cus_zip`, `cus_phone`, `cus_email`, `cus_balance`, `cus_total_sales`, `cus_notes`) VALUES (55, 'Savannah', 'Turner', '4545 98th Ave E', 'Brimingham ', 'AL', 63521, 9412090391, 'turnernco@yahoo.com', 4343, 3434, 'notes 5');
INSERT INTO `jkr17d`.`customer` (`cus_id`, `cus_fname`, `cus_lname`, `cus_street`, `cus_city`, `cus_state`, `cus_zip`, `cus_phone`, `cus_email`, `cus_balance`, `cus_total_sales`, `cus_notes`) VALUES (66, 'Lauren', 'Cohen', '23 Bourbon St', 'New Orleans', 'LA', 84563, 3025302257, 'cohennoterik@aol.com', 123, 122, 'notes 6');
INSERT INTO `jkr17d`.`customer` (`cus_id`, `cus_fname`, `cus_lname`, `cus_street`, `cus_city`, `cus_state`, `cus_zip`, `cus_phone`, `cus_email`, `cus_balance`, `cus_total_sales`, `cus_notes`) VALUES (77, 'Cory', 'Taraska', '444 Wildcat St', 'Louisville ', 'KY', 14135, 8562666805, 'coryt34@yahoo.com', 99, 70, 'notes 7');
INSERT INTO `jkr17d`.`customer` (`cus_id`, `cus_fname`, `cus_lname`, `cus_street`, `cus_city`, `cus_state`, `cus_zip`, `cus_phone`, `cus_email`, `cus_balance`, `cus_total_sales`, `cus_notes`) VALUES (88, 'Gaby', 'Danato', '3441 82nd St ', 'Buffalo', 'NY', 61112, 7812230965, 'gabygirl78@aol.com', 1233, 1200, 'notes 8');
INSERT INTO `jkr17d`.`customer` (`cus_id`, `cus_fname`, `cus_lname`, `cus_street`, `cus_city`, `cus_state`, `cus_zip`, `cus_phone`, `cus_email`, `cus_balance`, `cus_total_sales`, `cus_notes`) VALUES (99, 'Nick', 'Cinelli', '101 345th St W', 'Cheyenne', 'WY', 49211, 9418962306, 'huntinnfishin@gmail.com', 12, 9, 'notes 9');
INSERT INTO `jkr17d`.`customer` (`cus_id`, `cus_fname`, `cus_lname`, `cus_street`, `cus_city`, `cus_state`, `cus_zip`, `cus_phone`, `cus_email`, `cus_balance`, `cus_total_sales`, `cus_notes`) VALUES (1010, 'Alex', 'Gutowski', 'San Andres Blvd.', 'Los Angeles', 'CA', 98981, 4044315780, 'gski12@gmail.com', 434, 400, 'notes 10');
INSERT INTO `jkr17d`.`customer` (`cus_id`, `cus_fname`, `cus_lname`, `cus_street`, `cus_city`, `cus_state`, `cus_zip`, `cus_phone`, `cus_email`, `cus_balance`, `cus_total_sales`, `cus_notes`) VALUES (DEFAULT, '', DEFAULT, DEFAULT, DEFAULT, DEFAULT, DEFAULT, DEFAULT, DEFAULT, DEFAULT, DEFAULT, NULL);

COMMIT;


-- -----------------------------------------------------
-- Data for table `jkr17d`.`pet`
-- -----------------------------------------------------
START TRANSACTION;
USE `jkr17d`;
INSERT INTO `jkr17d`.`pet` (`pet_id`, `pst_id`, `cus_id`, `pet_type`, `pet_sex`, `pet_cost`, `pet_price`, `pet_age`, `pet_color`, `pet_sale_date`, `pet_vaccine`, `pet_neuter`, `pet_notes`) VALUES (1, 10, 11, 'Labrador', 'm', 400, 1100, 1, 'yellow', '01-02-2020', 'y', 'y', 'notes 1');
INSERT INTO `jkr17d`.`pet` (`pet_id`, `pst_id`, `cus_id`, `pet_type`, `pet_sex`, `pet_cost`, `pet_price`, `pet_age`, `pet_color`, `pet_sale_date`, `pet_vaccine`, `pet_neuter`, `pet_notes`) VALUES (2, 9, 66, 'Pit Bull', 'm', 100, 400, 3, 'gray', '01-01-2020', 'y', 'n', 'notes 2');
INSERT INTO `jkr17d`.`pet` (`pet_id`, `pst_id`, `cus_id`, `pet_type`, `pet_sex`, `pet_cost`, `pet_price`, `pet_age`, `pet_color`, `pet_sale_date`, `pet_vaccine`, `pet_neuter`, `pet_notes`) VALUES (3, 8, 22, 'American Bully', 'm', 200, 600, 2, 'white/brown', '02-19-2020', 'y', 'y', 'notes 3');
INSERT INTO `jkr17d`.`pet` (`pet_id`, `pst_id`, `cus_id`, `pet_type`, `pet_sex`, `pet_cost`, `pet_price`, `pet_age`, `pet_color`, `pet_sale_date`, `pet_vaccine`, `pet_neuter`, `pet_notes`) VALUES (4, 7, 77, 'Poodle', 'f', 550, 950, 5, 'white', '02-17-2020', 'y', 'n', 'notes 4');
INSERT INTO `jkr17d`.`pet` (`pet_id`, `pst_id`, `cus_id`, `pet_type`, `pet_sex`, `pet_cost`, `pet_price`, `pet_age`, `pet_color`, `pet_sale_date`, `pet_vaccine`, `pet_neuter`, `pet_notes`) VALUES (5, 6, 33, 'Pug', 'f', 100, 400, 1, 'yellow/black', '01-27-2020', 'y', 'n', 'notes 5');
INSERT INTO `jkr17d`.`pet` (`pet_id`, `pst_id`, `cus_id`, `pet_type`, `pet_sex`, `pet_cost`, `pet_price`, `pet_age`, `pet_color`, `pet_sale_date`, `pet_vaccine`, `pet_neuter`, `pet_notes`) VALUES (6, 5, 88, 'Rabbit', 'f', 10, 30, 1, 'black', '01-07-2020', 'y', 'n', 'notes 6');
INSERT INTO `jkr17d`.`pet` (`pet_id`, `pst_id`, `cus_id`, `pet_type`, `pet_sex`, `pet_cost`, `pet_price`, `pet_age`, `pet_color`, `pet_sale_date`, `pet_vaccine`, `pet_neuter`, `pet_notes`) VALUES (7, 4, 44, 'Bird', 'm', 8, 30, 2, 'white', '02-28-2020', 'y', 'n', 'notes 7');
INSERT INTO `jkr17d`.`pet` (`pet_id`, `pst_id`, `cus_id`, `pet_type`, `pet_sex`, `pet_cost`, `pet_price`, `pet_age`, `pet_color`, `pet_sale_date`, `pet_vaccine`, `pet_neuter`, `pet_notes`) VALUES (8, 3, , 'Snake', 'f', 12, 20, 4, 'green,black,brown', '', 'n', 'n', 'notes 8');
INSERT INTO `jkr17d`.`pet` (`pet_id`, `pst_id`, `cus_id`, `pet_type`, `pet_sex`, `pet_cost`, `pet_price`, `pet_age`, `pet_color`, `pet_sale_date`, `pet_vaccine`, `pet_neuter`, `pet_notes`) VALUES (9, 2, 55, 'Chihuahua', 'm', 200, 400, 2, 'brown', '02-20-2020', 'y', 'y', 'notes 9');
INSERT INTO `jkr17d`.`pet` (`pet_id`, `pst_id`, `cus_id`, `pet_type`, `pet_sex`, `pet_cost`, `pet_price`, `pet_age`, `pet_color`, `pet_sale_date`, `pet_vaccine`, `pet_neuter`, `pet_notes`) VALUES (10, 1, 1010, 'Retriever', 'm', 1000, 2000, 1, 'golden', '01-30-2020', 'y', 'y', 'notes 10');
INSERT INTO `jkr17d`.`pet` (`pet_id`, `pst_id`, `cus_id`, `pet_type`, `pet_sex`, `pet_cost`, `pet_price`, `pet_age`, `pet_color`, `pet_sale_date`, `pet_vaccine`, `pet_neuter`, `pet_notes`) VALUES (DEFAULT, DEFAULT, , DEFAULT, DEFAULT, DEFAULT, DEFAULT, DEFAULT, DEFAULT, NULL, DEFAULT, DEFAULT, NULL);

COMMIT;

